SupplierName,ContactNumber,Email,Address
Sports World,123-456-7890,info@sportsworld.com,123 Main St
Gear Pro,987-654-3210,support@gearpro.com,456 Elm St
Active Essentials,555-678-1234,contact@activeessentials.com,789 Oak St
Fit and Play,444-555-6666,hello@fitandplay.com,321 Pine St
Peak Performance,333-222-1111,sales@peakperformance.com,654 Maple Ave
Pro Sports Hub,222-333-4444,service@prosportshub.com,987 Cedar Ave
Adventure Gear Co,111-222-3333,info@adventuregear.com,567 Birch Rd
Champion Supplies,888-999-0000,hello@championsupplies.com,432 Willow Dr
Elite Gear,777-888-9999,contact@elitegear.com,876 Ash St
Trail Blazers,666-777-8888,sales@trailblazers.com,123 Spruce Ln
Fitness First,555-444-3333,info@fitnessfirst.com,654 Aspen Rd
Outdoor Masters,444-333-2222,support@outdoormasters.com,876 Redwood St
Gear Depot,333-111-2222,sales@geardepot.com,234 Chestnut St
Athletic Innovations,222-000-1111,info@athleticinnovations.com,567 Alder St
Prime Sports,111-999-8888,contact@primesports.com,890 Poplar Ave
Core Equipment,999-111-0000,hello@coreequipment.com,678 Beech St
Swift Gear,888-777-6666,support@swiftgear.com,543 Walnut St
Top Notch Sports,777-666-5555,sales@topnotchsports.com,345 Cypress Ln
Victory Supplies,666-555-4444,info@victorysupplies.com,234 Fir St
Horizon Sports,555-333-2222,hello@horizonsports.com,789 Palm St
Peak Athletic,444-222-1111,contact@peakathletic.com,678 Cherry Ln
Summit Gear,333-444-5555,info@summitgear.com,890 Pinewood Rd
ProFit Gear,222-555-7777,support@profitgear.com,123 Acorn St
Active Wearhouse,111-444-6666,sales@activewearhouse.com,567 Spruce Ave
Trail Masters,999-888-7777,info@trailmasters.com,345 Cedarwood St
Champion Equipment,888-666-9999,hello@championequipment.com,234 Redwood Rd
Gear Junction,777-999-3333,contact@gearjunction.com,678 Maplewood St
Extreme Outfitters,666-111-4444,sales@extremeoutfitters.com,543 Birchwood St
High Peak Supplies,555-000-9999,info@highpeaksupplies.com,890 Willowwood St
Ultimate Gear Co,444-888-7777,hello@ultimategear.com,123 Ridgewood Ln
